id,tripId,name,name_original,category,description_he,address,lat,lng,rating,rating_count,opening_hours,cost,estimated_duration,website,google_maps_link,placeId,notes
4bdee9e3-b444-4819-af20-34f013319461,b389876f-9a01-4dda-b3a5-6b673a789468,Casino Baden-Baden,Casino Baden-Baden – קזינו מ-1824,activity,"קזינו היסטורי ומפואר משנת 1824, מהיפים באירופה – אולמות בסגנון ורסאי, רולטה ובלאק ג'ק. גיל 21+, נדרש ז'קט.","Kaiserallee 1, 76530 Baden-Baden, Germany",48.7602042,8.2367283,4.5,5441,א'-ה': 15:00–2:00 | ו'-שבת: 15:00–3:00,"כניסה ~5€, סיור מודרך ~10€ (קוד לבוש: ז'קט לגברים)",1.5–3 שעות,https://www.casino-baden-baden.de,https://www.google.com/maps/place/?q=place_id:ChIJr0JlJ_7mC0ERYfOySvK-tEk,ChIJr0JlJ_7mC0ERYfOySvK-tEk,
fd2304d9-0d45-4e06-b58c-50252ec57c3a,b389876f-9a01-4dda-b3a5-6b673a789468,Belchen,Belchen,nature,"פסגה בגובה 1,414 מ' ביער השחור עם תצפית 360° מרהיבה עד האלפים והווגזים. עלייה ברכבל או בהליכה, מסלולים יפים בפסגה.","Belchen, 79244 Schönenberg, Germany",47.8225,7.8330556,4.8,372,פתוח 24/7 (רכבל עד ~17:00),חינם (רכבל הלוך-חזור ~11€),2–4 שעות,https://www.belchen-seilbahn.de,https://www.google.com/maps/place/?q=place_id:ChIJC3-CTYUAkUcRQFBVzeNAEzc,ChIJC3-CTYUAkUcRQFBVzeNAEzc,
a2167e48-9692-4c62-818b-ba3703f598fe,b389876f-9a01-4dda-b3a5-6b673a789468,Rothaus Brauerei (Zäpfle-Welt),Rothaus Brauerei – מבשלת הממלכה,activity,"מבשלת הבירה הממלכתית של באדן משנת 1791, ביתה של בירת Tannenzäpfle המפורסמת. מרכז מבקרים, מוזיאון וטעימות בלב היער השחור.","Rothaus 1, 79865 Grafenhausen, Germany",47.7948,8.2236,4.4,1500,מוזיאון/מרכז מבקרים: ~10:00–17:00 (סיורים בתיאום),"מוזיאון ~5–10€ כולל טעימת בירה, סיור מודרך ~12€",1–2 שעות,https://www.rothaus.de,https://www.google.com/maps/place/?q=place_id:ChIJXbD7am_1kEcR3fRIiE5BJGQ,ChIJXbD7am_1kEcR3fRIiE5BJGQ,
2b48c6c4-ece2-441f-9c5e-2b15831c60ef,b389876f-9a01-4dda-b3a5-6b673a789468,Allerheiligen-Wasserfälle,מפלי Allerheiligen + חורבות מנזר,nature,"מפלים יפהפיים במדרגות סלע לצד חורבות מנזר גותי מהמאה ה-12. מסלול מעגלי קל-בינוני עם הרבה מדרגות, קיוסק ומסעדה בחורבות.","Allerheiligen, 77728 Oppenau, Germany",48.5293849,8.1882755,4.7,5618,פתוח 24/7,חינם (חניה חינם),1.5–2 שעות,https://www.oppenau.de,https://www.google.com/maps/place/?q=place_id:ChIJa5UjhlYpl0cR9-6SJx-6THc,ChIJa5UjhlYpl0cR9-6SJx-6THc,
1b8d12cb-910a-416e-8451-a8220d4a606c,b389876f-9a01-4dda-b3a5-6b673a789468,Wieskirche (Pilgrimage Church of Wies),ויסקירכה – כנסיית מורשת UNESCO,culture,"כנסיית עלייה לרגל בסגנון רוקוקו, אתר מורשת עולמית של אונסק""ו על הדרך הרומנטית – פנים עוצר נשימה של סטוקו וציורי תקרה.","Wies 12, 86989 Steingaden, Germany",47.6805535,10.9004346,4.7,8063,קיץ: 8:00–20:00 (חורף מוקדם יותר),כניסה חינם (חניה ~3€),30–60 דקות,https://www.wieskirche.de,https://www.google.com/maps/place/?q=place_id:ChIJy-Zq9QBRnEcRFvIdY-AP8Vg,ChIJy-Zq9QBRnEcRFvIdY-AP8Vg,
0020ba56-914f-4186-8d57-8e2ba4c84d91,b389876f-9a01-4dda-b3a5-6b673a789468,TeamSport E-Karting Kart Palast Funpark München,TeamSport E-Karting Kart Palast,activity,"קומפלקס קארטינג חשמלי מקורה ענק ליד מינכן – מסלול רב-מפלסי, באולינג, ביליארד, מיני-גולף, משחקיה ומסעדה. מתאים לקבוצות.","Gadastraße 9, 85232 Bergkirchen-Feldgeding, Germany",48.23605,11.3511036,4.3,7031,א': 9:00–23:00 | ב'-ה': 10:00–23:00 | ו'-שבת: 10:00–24:00,~25–35€ למקצה קארטינג,1.5–3 שעות,https://www.kartpalast.de,https://www.google.com/maps/place/?q=place_id:ChIJnUKNj59-nkcRECQl2vT94hw,ChIJnUKNj59-nkcRECQl2vT94hw,
e872f214-03a8-4e29-ab60-a488fa138f5a,b389876f-9a01-4dda-b3a5-6b673a789468,Paulaner Brauerei (Munich brewery),Paulaner Brewery / Paulaner Brauerei,activity,מפעל הייצור המודרני של פאולנר בפאתי מינכן. שימו לב: זהו אתר תעשייתי – סיורים בתיאום מראש בלבד. לחוויית בירה עדיף Paulaner am Nockherberg בעיר.,"Mälzereistraße 31, 81249 München, Germany",48.1766087,11.436557,3.6,550,ב'-ו': 6:00–22:00 | שבת-א': סגור,סיור מבשלה ~15–25€ (בהרשמה מראש),1.5–2 שעות,https://www.paulaner-brauerei-gruppe.com,https://www.google.com/maps/place/?q=place_id:ChIJL_1vdD14nkcReAlKCP2mQ20,ChIJL_1vdD14nkcReAlKCP2mQ20,שקלו להחליף ב-Paulaner am Nockherberg (Hochstraße 77) – בית הבירה והביירגארטן של פאולנר.
1063d1f7-aa06-45a7-b511-d9b63714122f,b389876f-9a01-4dda-b3a5-6b673a789468,CA-BA-LU Bar-Restaurant,CA-BA-LU Bar-Restaurant,restaurant,"בר-מסעדת המבורגרים מצוינת ליד הגן האנגלי – בשר איכותי, תוספות ביתיות וג'ין וניל של הבית. תחנה מושלמת אחרי צפייה בגולשי האייסבאך.","Thierschpl. 5, 80538 München, Germany",48.1395699,11.5891154,4.5,792,"ב'-ה': 12:00–14:00, 17:30–1:00 | ו'-שבת: 17:30–1:00 | א': סגור",€€ (~15–25€ למנה),1–1.5 שעות,https://www.cabalu.de,https://www.google.com/maps/place/?q=place_id:ChIJEy5cX491nkcRgtfYR5S0pqc,ChIJEy5cX491nkcRgtfYR5S0pqc,
ed33644c-19e6-477f-93e5-54aca1e0a617,b389876f-9a01-4dda-b3a5-6b673a789468,Feldberg (summit),Feldberg,nature,"ההר הגבוה ביער השחור (1,493 מ') – תצפיות לאלפים, מסלול ה-Feldbergsteig המדורג, רכבל ומגדל תצפית. בחורף – אתר סקי.","Feldberg, 79868 Feldberg, Germany",47.873974,8.0047312,4.7,1376,פתוח 24/7,חינם (רכבל Feldbergbahn ~14€ הלוך-חזור),2–4 שעות,https://www.hochschwarzwald.de,https://www.google.com/maps/place/?q=place_id:ChIJlXMQllH5kEcRvoDuXVpQ8Ng,ChIJlXMQllH5kEcRvoDuXVpQ8Ng,
3e6a24b1-33a4-49aa-ae8b-418fa3235ccd,b389876f-9a01-4dda-b3a5-6b673a789468,Ravenna Gorge (Ravennaschlucht),קניון מקסים רוואנה,nature,"קניון רוואנה – ערוץ נחל ציורי עם מפלונים, גשרי עץ וגשר רכבת אבן מרשים. אחד ממסלולי ההליכה האהובים ביער השחור, קל-בינוני.","Ravennaschlucht, 79874 Breitnau, Germany",47.9175824,8.0745554,4.7,3952,פתוח 24/7,חינם (חניה בתשלום ליד Hofgut Sternen),1.5–3 שעות,https://www.hochschwarzwald.de,https://www.google.com/maps/place/?q=place_id:ChIJ42-M7PT6kEcRojnj-mDABGw,ChIJ42-M7PT6kEcRojnj-mDABGw,
caaceb83-1f09-475b-b6ee-fd62caccee46,b389876f-9a01-4dda-b3a5-6b673a789468,Gästehaus am Park (Freudenstadt),Gästehaus / Freudenstadt – לינת ביניים,hotel,"בית הארחה משפחתי וחמים בפרוידנשטאדט, נקודת לינה נוחה במרכז היער השחור. ארוחת בוקר ביתית שזוכה לשבחים יוצאי דופן.","Huppenbauerstraße 8, 72250 Freudenstadt, Germany",48.4577744,8.4136736,4.7,71,קבלה 24/7,~80–120€ ללילה לזוג כולל ארוחת בוקר,לינת לילה,https://www.gaestehaus-am-park.de,https://www.google.com/maps/place/?q=place_id:ChIJbU6UIFE0l0cRVstkwC_hJTU,ChIJbU6UIFE0l0cRVstkwC_hJTU,
87bb5160-925d-48f5-a1f9-b9da9345bf86,b389876f-9a01-4dda-b3a5-6b673a789468,Zero Latency Virtual Reality München Neufahrn,Zero Latency Virtual Reality München Neufahrn,activity,"חוויית VR חופשית (free-roam) לקבוצות עד 8 – זומבים, חלליות ומשימות שיתופיות בזירה ענקית. מומלץ להזמין מראש.","Bajuwarenstraße 5, 85375 Neufahrn bei Freising, Germany",48.3294756,11.6913854,4.7,529,ג'-ה': 17:00–22:00 | ו': 17:00–23:00 | שבת: 11:00–23:00 | א': 11:00–21:00 | ב': סגור,~40–50€ לשחקן למשחק (30 דק'),1–1.5 שעות,https://zerolatencyvr.com/munich,https://www.google.com/maps/place/?q=place_id:ChIJf8MHZ4FtnkcR-E-mQE9i2go,ChIJf8MHZ4FtnkcR-E-mQE9i2go,
1a589897-a832-4aab-8a9b-7b2422474070,b389876f-9a01-4dda-b3a5-6b673a789468,BattleKart München-Finsing,BattleKart München-Finsing,activity,"קארטינג חשמלי בשילוב מציאות רבודה – 'מריו קארט' אמיתי עם כוחות, מסלולים מוקרנים ומצבי משחק. דירוג 4.9 – חובה לחובבי הז'אנר.","Am Steinfeld 3, 85464 Finsing, Germany",48.2172259,11.8077385,4.9,290,ב'-ה': 12:00–21:00 | ו': 12:00–22:00 | שבת: 10:00–22:00 | א': 10:00–18:00,~25–30€ למקצה,1–2 שעות,https://www.battlekart.de,https://www.google.com/maps/place/?q=place_id:ChIJ8y_4eAAPnkcRk2GShtClKSw,ChIJ8y_4eAAPnkcRk2GShtClKSw,
98cef7ca-2674-4064-8f25-4cf4d319c986,b389876f-9a01-4dda-b3a5-6b673a789468,Trinkhalle + Lichtentaler Allee,Trinkhalle + Lichtenthaler Allee,nature,"אולם השתייה ההיסטורי (1842) עם ארקדה של פרסקאות, ולצידו שדרת ליכטנטאלר – טיילת פארק יפהפייה לאורך נהר האוס. הליכה קלאסית בבאדן-באדן.","Kaiserallee 3, 76530 Baden-Baden, Germany",48.7618497,8.2366831,4.4,2312,טרינקהאלה: 10:00–18:00 | השדרה: 24/7,חינם,1–2 שעות,https://www.baden-baden.com,https://www.google.com/maps/place/?q=place_id:ChIJ--usWkIfl0cRZTVGWaaFViA,ChIJ--usWkIfl0cRZTVGWaaFViA,
d233bf23-7219-4fec-8559-a8337579367c,b389876f-9a01-4dda-b3a5-6b673a789468,Caracalla Spa (Caracalla Therme),Caracalla Therme – ספא תרמי,activity,"ספא תרמי מודרני על מעיינות רומיים – בריכות פנים וחוץ, ג'קוזי, מפלי עיסוי ועולם סאונות (עירום, 16+). כניסה מגיל 7.","Römerpl. 1, 76530 Baden-Baden, Germany",48.763795,8.2445128,4.1,7629,כל יום: 8:00–22:00,"~20€ ל-2 שעות, ~25–30€ ל-3–4 שעות",2–4 שעות,https://www.carasana.de,https://www.google.com/maps/place/?q=place_id:ChIJkS-PNUEfl0cR3_V_yJ1Ah2k,ChIJkS-PNUEfl0cR3_V_yJ1Ah2k,
3eea5052-cf4e-43cd-8571-ff48f7a19ff1,b389876f-9a01-4dda-b3a5-6b673a789468,Black Forest Open Air Museum Vogtsbauernhof,מוזיאון כפר פתוח Vogtsbauernhof,culture,"מוזיאון כפר פתוח – חוות עתיקות אותנטיות מהמאות 16–19, הדגמות מלאכה חיה, בעלי חיים וגן תבלינים. חוויה משפחתית מעולה ביער השחור.","Vor Singersbach, 77793 Gutach, Germany",48.2702497,8.2009171,4.6,9653,כל יום: 9:00–18:00 (מרץ–נובמבר),"~13€ למבוגר, ~6.5€ לילד",2–4 שעות,https://www.vogtsbauernhof.de,https://www.google.com/maps/place/?q=place_id:ChIJcXBO1rTakEcRgSnHt97cyO4,ChIJcXBO1rTakEcRgSnHt97cyO4,
43e557c2-6acc-4ef9-9973-3200d657d6b3,b389876f-9a01-4dda-b3a5-6b673a789468,Therme Erding,Therme Erding – ספא המים הגדול בעולם,activity,"פארק המים והספא התרמי הגדול באירופה – עשרות מגלשות, בריכות גלים, אזור טרופי וסאונות. מומלץ ביום חול ולהזמין כרטיסים מראש.","Thermenallee 1-5, 85435 Erding, Germany",48.290231,11.8885776,4.5,53387,ב'-ו': 10:00–23:00 | שבת: 9:00–24:00 | א': 9:00–23:00,~40–75€ לאדם (תלוי אזורים ומשך),4 שעות עד יום שלם,https://www.therme-erding.de,https://www.google.com/maps/place/?q=place_id:ChIJH8EL2U4QnkcReD2Uos8B02k,ChIJH8EL2U4QnkcReD2Uos8B02k,
1f15aa65-a082-41f7-a08d-113450956292,b389876f-9a01-4dda-b3a5-6b673a789468,Merkur Bergbahn (Merkur Funicular Railway),Merkur Bergbahn – רכבל לפנורמה,nature,"רכבל כבלים (פוניקולר) מהתלולים בגרמניה אל הר מרקור – פנורמה של באדן-באדן והיער השחור, מגדל תצפית, מסעדה ומסלולי הליכה בפסגה.","Merkuriusberg 2, 76530 Baden-Baden, Germany",48.7629045,8.2644976,4.7,4599,כל יום: 10:00–22:00,~7€ הלוך-חזור,1–2 שעות,https://www.stadtwerke-baden-baden.de,https://www.google.com/maps/place/?q=place_id:ChIJU9X0AbUYl0cREMMfqbhud1w,ChIJU9X0AbUYl0cREMMfqbhud1w,
80be69a0-bbb3-46c7-ab3d-18320a19ec3e,b389876f-9a01-4dda-b3a5-6b673a789468,Augustiner-Keller,Augustiner Keller Biergarten,restaurant,"ביירגארטן אגדי מ-1812 עם ~5,000 מקומות תחת עצי ערמון – בירת אוגוסטינר מחבית עץ ואוכל בווארי קלאסי. מהאותנטיים במינכן.","Arnulfstraße 52, 80335 München, Germany",48.1433523,11.5519791,4.4,39371,כל יום: 10:00–24:00,"€€ (~15–25€ למנה, מאס בירה ~9€)",1.5–3 שעות,https://www.augustinerkeller.de,https://www.google.com/maps/place/?q=place_id:ChIJe8ga9v11nkcRX8CtPNbgTJs,ChIJe8ga9v11nkcRX8CtPNbgTJs,
f68e4e47-3c59-4b59-ae65-8c757d0059fb,b389876f-9a01-4dda-b3a5-6b673a789468,Wirtshaus in der Au,Wirtshaus in der Au,restaurant,"פונדק בווארי מ-1901 המפורסם בכופתאות (Knödel) הטובות בעיר – ברווז צלוי, שניצל ואווירה חמה. קרוב למוזיאון הגרמני, מומלץ להזמין מקום.","Lilienstraße 51, 81669 München, Germany",48.1289862,11.5864746,4.5,5916,ב'-ו': 17:00–23:00 | שבת-א': 10:00–23:00,€€ (~15–25€ למנה),1.5–2 שעות,https://www.wirtshausinderau.de,https://www.google.com/maps/place/?q=place_id:ChIJ2YJ3mHzfnUcRZ8LfM7KI30k,ChIJ2YJ3mHzfnUcRZ8LfM7KI30k,
a8062741-b723-4454-832f-5607b10e659a,b389876f-9a01-4dda-b3a5-6b673a789468,Weisses Bräuhaus im Tal (Schneider Bräuhaus),Schneider Weisse Tap House,restaurant,"בית הבירה של שניידר וייסה במרכז העיר – בירת חיטה אגדית, ארוחת נקניקיות לבנות (Weißwurst) בווארית אותנטית ומלצריות בתלבושת מסורתית.","Tal 7, 80331 München, Germany",48.1364226,11.578467,4.4,16223,כל יום: 9:00–23:30,€€ (~13–22€ למנה),1–2 שעות,https://www.schneider-brauhaus.de,https://www.google.com/maps/place/?q=place_id:ChIJWSpmWop1nkcRZSRCDS-wOeU,ChIJWSpmWop1nkcRZSRCDS-wOeU,
0b4827e3-95ff-422b-b96c-db84e38c8a7d,b389876f-9a01-4dda-b3a5-6b673a789468,Alte Pinakothek,Alte Pinakothek,culture,"מגלריות האמנות הוותיקות והחשובות בעולם – רובנס, דירר, רמברנדט וליאונרדו. טיפ: ביום ראשון הכניסה 1€ בלבד.","Barer Str. 27, 80333 München, Germany",48.1483311,11.5699755,4.7,13058,ג'-ד': 10:00–20:00 | ה'-א': 10:00–18:00 | ב': סגור,~7€ (יום ראשון – 1€ בלבד!),1.5–3 שעות,https://www.pinakothek.de,https://www.google.com/maps/place/?q=place_id:ChIJ12nAjO51nkcRt8DRlE8kWIE,ChIJ12nAjO51nkcRt8DRlE8kWIE,
6c428e0b-8a15-4436-b508-c8b0578cd74b,b389876f-9a01-4dda-b3a5-6b673a789468,Bavaria Statue + Ruhmeshalle,פסל בוואריה + Ruhmeshalle,culture,"פסל הברונזה הענק של בוואריה (18.5 מ') מעל מתחם האוקטוברפסט, ומאחוריו היכל התהילה עם פרוטומות של גדולי בוואריה. אפשר לטפס לראש הפסל.","Theresienhöhe 16, 80339 München, Germany",48.1307233,11.5456961,4.5,96,כל יום: 9:00–17:00 (אפריל–אוקטובר),"פסל בוואריה (עלייה פנימית) ~5€, ההיכל חינם",30–60 דקות,https://www.schloesser.bayern.de,https://www.google.com/maps/place/?q=place_id:ChIJN_AF06zYnUcRwcmPJcyCFQU,ChIJN_AF06zYnUcRwcmPJcyCFQU,
702c13d9-b72d-40a5-9ff2-8404b29a9855,b389876f-9a01-4dda-b3a5-6b673a789468,Eisbachwelle,Eisbachwelle – גלישת גלים בלב מינכן,nature,גל הנהר המפורסם בקצה הגן האנגלי שבו גולשים מקומיים כל השנה – אטרקציה ייחודית ומהנה לצפייה בלב מינכן.,"Prinzregentenstraße, 80538 München, Germany",48.143478,11.5877296,4.8,22479,פתוח 24/7,חינם,15–30 דקות,https://www.muenchen.de,https://www.google.com/maps/place/?q=place_id:ChIJb_TEzGN1nkcRl8UxJJjzS5Q,ChIJb_TEzGN1nkcRl8UxJJjzS5Q,
6577dcd7-6b77-4dd0-91ad-fd06d4e4daca,b389876f-9a01-4dda-b3a5-6b673a789468,Viktualienmarkt,Viktualienmarkt,shopping,"שוק האוכל המפורסם של מינכן – 140 דוכנים של מעדנים, גבינות, נקניקיות, פירות וביירגארטן במרכז. חובה לחובבי אוכל, צמוד למרינפלאץ.","Viktualienmarkt 3, 80331 München, Germany",48.13539,11.576076,4.6,75000,ב'-שבת: 8:00–20:00 | א': סגור (רוב הדוכנים),חינם (אוכל ~5–20€),1–2 שעות,https://www.viktualienmarkt-muenchen.de,https://www.google.com/maps/place/?q=place_id:ChIJs7KGJoF1nkcRbvHy7HEBKiU,ChIJs7KGJoF1nkcRbvHy7HEBKiU,
242fcdd5-54bb-43df-9f81-8e41bfd52c36,b389876f-9a01-4dda-b3a5-6b673a789468,BMW Welt,עולם ה- BMW,culture,"עולם BMW – ביתן תצוגה פוטוריסטי עם דגמים חדשים, מכוניות יוקרה ואופנועים, כניסה חופשית. ממול – מוזיאון BMW ההיסטורי (בתשלום).","Am Olympiapark 1, 80809 München, Germany",48.1771981,11.5562963,4.7,39803,ב'-שבת: 7:30–24:00 | א': 9:00–24:00 (תצוגות: 9:00–18:00),BMW Welt חינם; מוזיאון BMW ~14€,1–3 שעות,https://www.bmw-welt.com,https://www.google.com/maps/place/?q=place_id:ChIJ0VcAin12nkcReOfzPsk8NaU,ChIJ0VcAin12nkcReOfzPsk8NaU,
206d549c-f2bc-4633-931f-4687dadca744,b389876f-9a01-4dda-b3a5-6b673a789468,Exit the Room München,Exit the Room München,activity,חדרי בריחה במגוון נושאים (60 דקות) בשוואבינג – מתאים לקבוצות של 2–6. להזמין מראש אונליין.,"Georgenstraße 28, 80801 München, Germany",48.154897,11.5785377,4.3,380,ב'-ו': 15:45–22:15 | שבת-א': 10:45–22:15,~25–35€ לאדם (תלוי גודל קבוצה),1–1.5 שעות,https://www.exittheroom.de/muenchen,https://www.google.com/maps/place/?q=place_id:ChIJZzl208F1nkcRCowPk7_SVms,ChIJZzl208F1nkcRCowPk7_SVms,
1086a37e-f486-4d32-8e91-29e4f86bda51,b389876f-9a01-4dda-b3a5-6b673a789468,Tantris,Tantris,restaurant,מסעדת שף איקונית (2 כוכבי מישלן) בעיצוב רטרו משנות ה-70 – חוויית פיין דיינינג צרפתית מהטובות בגרמניה. הזמנה חודשים מראש.,"Johann-Fichte-Straße 7, 80805 München, Germany",48.169796,11.588339,4.7,1239,"ד'-שבת: 12:00–16:00, 18:30–24:00 | א'-ג': סגור",€€€€ (תפריט טעימות ~200–350€ לאדם),2.5–4 שעות,https://tantris.de,https://www.google.com/maps/place/?q=place_id:ChIJtSGICsp1nkcRsO8j0sObIio,ChIJtSGICsp1nkcRsO8j0sObIio,
33abbbef-dbb9-421d-a8f2-cd61571f39f6,b389876f-9a01-4dda-b3a5-6b673a789468,Augustiner Bräustuben,Augustiner Bräustuben,restaurant,"אולם בירה עממי בתוך מבשלת אוגוסטינר עצמה – אווירת אוקטוברפסט כל השנה, ברכיות חזיר ענקיות ומחירים הוגנים. אהוב על מקומיים.","Landsberger Str. 19, 80339 München, Germany",48.1392299,11.5455912,4.3,17594,כל יום: 10:00–24:00,€€ (~12–20€ למנה) – מהזולים בעיר,1.5–2 שעות,https://www.braeustuben.de,https://www.google.com/maps/place/?q=place_id:ChIJFwSNT_IBCUERKgoTuCz6Lho,ChIJFwSNT_IBCUERKgoTuCz6Lho,
536f7e6d-63d6-4f82-b627-7a2193dad623,b389876f-9a01-4dda-b3a5-6b673a789468,Zum Franziskaner,Zum Franziskaner,restaurant,"מסעדה בווארית קלאסית ליד הרזידנץ – מפורסמת בזאורברטן, ברווז וקייזרשמרן. אלגנטית יותר מבתי הבירה הגדולים, מומלץ להזמין.","Residenzstraße 9, 80333 München, Germany",48.1393887,11.5771912,4.4,6725,כל יום: 10:00–24:00,€€ (~15–28€ למנה),1.5–2 שעות,https://www.zum-franziskaner.de,https://www.google.com/maps/place/?q=place_id:ChIJl3MdX4t1nkcR_b2vJ4wLuKM,ChIJl3MdX4t1nkcR_b2vJ4wLuKM,
8b4b9302-72f8-45ab-987c-50fdec1d0506,b389876f-9a01-4dda-b3a5-6b673a789468,Black Forest Burger,"Black Forest Burger, Restaurant",restaurant,"המבורגריה מצוינת בוואלדסהוט – בשר איכותי מהאזור, צ'יפס בטטה עם מיונז כמהין ואופציות טבעוניות. עצירה טובה בדרום היער השחור.","Wallstraße 14, 79761 Waldshut-Tiengen, Germany",47.6230646,8.2138507,4.7,632,ב'-שבת: 11:30–20:00 | א': סגור,€€ (~12–18€ להמבורגר עם תוספת),~1 שעה,https://www.blackforestburger.de,https://www.google.com/maps/place/?q=place_id:ChIJ9b-2LapDkEcRxGqcyGTiEZc,ChIJ9b-2LapDkEcRxGqcyGTiEZc,
34a2256c-63a3-465a-9d27-8fdaee12b744,b389876f-9a01-4dda-b3a5-6b673a789468,Alpine Coaster Kolbensattel (Oberammergau),Alpine Coaster,activity,"מזחלת הרים אלפינית באוברמרגאו – עולים ברכבל כיסאות ויורדים 2.6 ק""מ במסילה מהירה עם נוף אלפי. כיף גדול לכל המשפחה; תורים בסופ""ש.","Kreislainenweg, 82487 Oberammergau, Germany",47.5963385,11.0489385,4.6,1650,כל יום: 11:00–18:00 (תלוי עונה ומזג אוויר),"~10€ לירידה (רכבל+קוסטר), הנחות לריבוי נסיעות",1–2 שעות,https://www.kolbensattel.de,https://www.google.com/maps/place/?q=place_id:ChIJl2Us_yirnUcRN4MxyhN7qOA,ChIJl2Us_yirnUcRN4MxyhN7qOA,
797ef99d-2b95-4436-8879-e7ee4396ca55,b389876f-9a01-4dda-b3a5-6b673a789468,Treetop Walk Black Forest (Baumwipfelpfad),Treetop Walk Black Forest,nature,"טיילת צמרות עצים באורך 1.25 ק""מ בגובה 20 מ' המסתיימת במגדל ספירלי עם תצפית ומגלשת ענק (תוספת תשלום). נגיש לעגלות.","Peter-Liebig-Weg 16, 75323 Bad Wildbad, Germany",48.7503584,8.5357728,4.4,13444,כל יום: 9:30–18:00 (תלוי עונה),"~13.5€ מבוגר, ~11€ ילד (חניה ~6€)",1.5–2 שעות,https://www.baumwipfelpfade.de/schwarzwald,https://www.google.com/maps/place/?q=place_id:ChIJ9TqIdj4Vl0cR8CtehapfSOc,ChIJ9TqIdj4Vl0cR8CtehapfSOc,
470427e4-4478-40d1-b7aa-710108f1f1f1,b389876f-9a01-4dda-b3a5-6b673a789468,Hasenhorn Rodelbahn Todtnau,Hasenhorn,activity,"מזחלת ההרים הארוכה בגרמניה (2.9 ק""מ!) – עלייה ברכבל כיסאות לפסגת הזנהורן וירידה מסחררת. נוף לפלדברג ולגשר התלוי של טודטנאו.","Lindenstraße 9, 79674 Todtnau, Germany",47.828843,7.949029,4.6,8126,כל יום: 9:00–16:30 (תלוי עונה),~14.5€ (רכבל + ירידה במזחלת),1.5–2.5 שעות,https://www.hasenhorn-rodelbahn.de,https://www.google.com/maps/place/?q=place_id:ChIJQSczygz_kEcRUgoyvvugTMY,ChIJQSczygz_kEcRUgoyvvugTMY,
e52cdba8-dd29-4e44-b720-1e7a467bc51e,b389876f-9a01-4dda-b3a5-6b673a789468,Schluchsee,אגם Schluchsee,nature,"האגם הגדול ביער השחור – מים צלולים לשחייה, שייט וקיאקים, טיילת אגם ושיט תיירותי. אווירה רגועה ונופים ירוקים.","79859 Schluchsee, Germany",47.8182613,8.1519136,4.7,599,פתוח 24/7,חינם (שכירת קיאק/סירה ~10–20€ לשעה),2–4 שעות,https://www.hochschwarzwald.de,https://www.google.com/maps/place/?q=place_id:ChIJ-W1RWkT2kEcRaCvnl0n_xJw,ChIJ-W1RWkT2kEcRaCvnl0n_xJw,
5722912a-8154-4686-a2b4-5b647f115ecf,b389876f-9a01-4dda-b3a5-6b673a789468,Lake Starnberg (Starnberger See),אגם Starnberg,nature,"אגם שטרנברג – בריחת הקיץ של מינכן, 25 דקות ברכבת מהעיר. טיילות, שחייה, השכרת סירות ותצפית לאלפים בימים בהירים.","Starnberger See, Germany",47.9102006,11.3121698,4.7,2636,פתוח 24/7,חינם (שיט ~10–25€),חצי יום,https://www.starnbergammersee.de,https://www.google.com/maps/place/?q=place_id:ChIJpXShYsXInUcRKMrqDUWolYI,ChIJpXShYsXInUcRKMrqDUWolYI,
775555e1-375c-4d86-9a3e-8af055410d3f,b389876f-9a01-4dda-b3a5-6b673a789468,Dom St. Blasien,Sankt Blasien – כיפה ענקית,culture,"קתדרלה נאו-קלאסית מפתיעה בלב עיירה קטנה ביער השחור – אחת הכיפות הגדולות באירופה (36 מ' קוטר), פנים לבן ומואר עוצר נשימה.","Fürstabt-Gerbert-Straße 16, 79837 St. Blasien, Germany",47.7600163,8.130322,4.7,3878,ב'-שבת: 8:30–18:30 | א': 9:00–18:30,כניסה חינם (תרומה מומלצת),30–60 דקות,https://www.dom-st-blasien.de,https://www.google.com/maps/place/?q=place_id:ChIJTb2qA_tYkEcRUxurkznmomY,ChIJTb2qA_tYkEcRUxurkznmomY,
97d346fc-2d38-4688-82b8-3819f04192a2,b389876f-9a01-4dda-b3a5-6b673a789468,Racing Unleashed – Racing Lounge München,F1 Simulator,activity,"סימולטורי מרוצים מקצועיים ברמת פורמולה – תאי נהיגה הידראוליים, מסלולים אמיתיים ומרוצים קבוצתיים. חוויה מדויקת ומאתגרת לחובבי F1.","Am Ausbesserungswerk 8, 80939 München, Germany",48.1961565,11.6068078,4.7,97,ג'-ה': 12:00–20:00 | ו': 12:00–21:00 | שבת: 10:00–21:00 | א': 10:00–18:00 | ב': סגור,~40–70€ ל-30–60 דקות סימולטור,1–1.5 שעות,https://www.racing-unleashed.com,https://www.google.com/maps/place/?q=place_id:ChIJ71zvxcV1nkcRMB3_c7Ly5Xg,ChIJ71zvxcV1nkcRMB3_c7Ly5Xg,
cc4a7b7e-6368-4d07-a32c-d788ca98e326,b389876f-9a01-4dda-b3a5-6b673a789468,Olympiapark München,Olympiapark Munich,culture,"הפארק האולימפי של 1972 – אדריכלות גגות האוהל האיקונית, אגם, גבעת תצפית (אולימפיאברג) ואירועים. צמוד ל-BMW Welt – שווה לשלב.","Spiridon-Louis-Ring 21, 80809 München, Germany",48.1754268,11.5519879,4.7,79232,הפארק פתוח 24/7,פארק חינם; סיור גגות/זיפליין בתשלום,1.5–3 שעות,https://www.olympiapark.de,https://www.google.com/maps/place/?q=place_id:ChIJM7U-OGN2nkcRS91BCoGkObE,ChIJM7U-OGN2nkcRS91BCoGkObE,
c37677e6-7dac-4232-b4f6-f7accb2e61c2,b389876f-9a01-4dda-b3a5-6b673a789468,Landgasthof Hirschen (Waldshut-Tiengen),Landgasthof Hirschen,restaurant,"פונדק כפרי משפחתי ותיק בדרום היער השחור – מטבח אזורי מסורתי: שפצלה בגבינה, גולש צבי ופורל. חמים, אותנטי ולרוב מלא – להזמין מראש.","Breitenfeld 13, 79761 Waldshut-Tiengen, Germany",47.654747,8.3069419,4.6,594,ג': 17:00–22:30 | ד'-שבת: 11:30–22:30 | א': 11:30–22:00 | ב': סגור,€€ (~15–28€ למנה),1.5–2 שעות,https://www.hirschen-breitenfeld.de,https://www.google.com/maps/place/?q=place_id:ChIJMZUCxF1mkEcRJF-TO96id_o,ChIJMZUCxF1mkEcRJF-TO96id_o,
1cb8cd21-4260-4906-98b0-e0376332471c,b389876f-9a01-4dda-b3a5-6b673a789468,Bergsee Restaurant (Titisee),מסעדה על שפת Titisee,restaurant,"מסעדה על טיילת אגם טיטיזה עם מרפסת מול המים – פלאמקוכן, שפצלה, פורל ועוגת יער שחור. מיקום מנצח על שפת האגם.","Seestraße 33, 79822 Titisee-Neustadt, Germany",47.8994532,8.1538215,4.0,3450,כל יום: 11:30–20:00,€€ (~14–25€ למנה),1–1.5 שעות,https://www.hochschwarzwald.de,https://www.google.com/maps/place/?q=place_id:ChIJy4w8p-TwkEcRZVUiYI3Q_cs,ChIJy4w8p-TwkEcRZVUiYI3Q_cs,שובץ כנציג ל'מסעדה על שפת Titisee' – יש עוד מסעדות דומות לאורך הטיילת.
f03183a6-574d-47aa-83ac-c68282de55d0,b389876f-9a01-4dda-b3a5-6b673a789468,Rulantica – The Water World of Europa-Park,Rulantica Waterpark,activity,"פארק מים סקנדינבי ענק של יורופה-פארק – 30+ מגלשות מקורות ופתוחות, בריכות מחוממות ועיצוב ויקינגי מרהיב. פתוח כל השנה, להזמין מראש.","Roland-Mack-Ring 1, 77977 Rust, Germany",48.2610334,7.7401798,4.4,26096,כל יום: 9:30–22:00,~50–60€ ליום (זול יותר אונליין/ערב),חצי יום עד יום שלם,https://www.rulantica.de,https://www.google.com/maps/place/?q=place_id:ChIJT09N0MA7kUcRuzEPI42cYxE,ChIJT09N0MA7kUcRuzEPI42cYxE,
5b4ee8a1-a942-40e6-bb90-5e20bbde9d82,b389876f-9a01-4dda-b3a5-6b673a789468,Spielbank Garmisch-Partenkirchen,Casino Munich – Spielbank,activity,"הקזינו הבווארי הקרוב למינכן (כשעה נסיעה) – רולטה, בלאק ג'ק ומכונות בגרמיש שלמרגלות הצוגשפיצה. שימו לב: אין קזינו בתוך מינכן עצמה.","Am Kurpark 10, 82467 Garmisch-Partenkirchen, Germany",47.49428,11.09008,4.3,608,א'-ה': 12:00–2:00 | ו'-שבת: 12:00–3:00,"כניסה ~2–5€ (18+, דרכון וז'קט נדרשים)",1.5–3 שעות,https://www.spielbanken-bayern.de,https://www.google.com/maps/place/?q=place_id:ChIJi21p6tEGnUcRnxzaqzbT1yQ,ChIJi21p6tEGnUcRnxzaqzbT1yQ,במקור 'Casino Munich' – במינכן אין קזינו; זו החלופה הקרובה ביותר.
1ce54d2f-5618-4af6-b502-dd40fc420efa,b389876f-9a01-4dda-b3a5-6b673a789468,Hornisgrinde,Hornisgrinde – פסגת יער שחור הצפוני,nature,"הפסגה הגבוהה בצפון היער השחור (1,164 מ') מעל אגם מומלזה האגדי – ביצות רמה, מגדל תצפית ונוף עד עמק הריין והווגזים. על כביש הנוף Schwarzwaldhochstraße.","Hornisgrinde, 77887 Sasbach, Germany",48.6044444,8.2019444,4.7,522,פתוח 24/7,חינם (חניה ~3€ ליד אגם מומלזה),1.5–3 שעות,https://www.schwarzwaldhochstrasse.de,https://www.google.com/maps/place/?q=place_id:ChIJldtjbRIml0cRexHCk7lL1Ks,ChIJldtjbRIml0cRexHCk7lL1Ks,
42a571b0-6108-4eb5-a728-1275cb5162a6,b389876f-9a01-4dda-b3a5-6b673a789468,Fuggerei (Augsburg),אאוגסבורג – ריינבות מוזיאון + Fuggerei,travel,"שכונת הדיור הסוציאלי העתיקה בעולם (1521) באאוגסבורג – עדיין מאוכלסת, שכ""ד שנתי סמלי של 0.88€. סמטאות ציוריות, מוזיאון ודירת דוגמה. שווה לשלב עם מרכז העיר הרנסנסי.","Jakoberstraße 26, 86152 Augsburg, Germany",48.3697895,10.9039478,4.6,9379,כל יום: 9:00–20:00 (חורף עד 18:00),~8€ מבוגר,1–1.5 שעות (עיר: חצי יום),https://www.fugger.de,https://www.google.com/maps/place/?q=place_id:ChIJ01DetFe9nkcRFVEAzl8alKc,ChIJ01DetFe9nkcRFVEAzl8alKc,
5d951052-20d9-4d5a-b340-d5396ed58af1,b389876f-9a01-4dda-b3a5-6b673a789468,Griffin's Pub (Baden-Baden),Griffin's Pub,restaurant,"פאב אירי קטן ותוסס בבאדן-באדן – בירות, סנוקר, שידורי ספורט ואווירה מקומית. אופציה לערב לא רשמי אחרי הקזינו. שימו לב: מותר לעשן בפנים.","Stahlbadstraße 4, 76530 Baden-Baden, Germany",48.7586403,8.2416644,4.4,536,א'-ה': 18:00–2:00 | ו'-שבת: 18:00–3:30,€€ (בירה ~4–6€),1–3 שעות,,https://www.google.com/maps/place/?q=place_id:ChIJwZ4ng0Qfl0cRTPi9NGE53uA,ChIJwZ4ng0Qfl0cRTPi9NGE53uA,
bf761a93-6ce5-4eec-9c19-cc43e86c0c8f,b389876f-9a01-4dda-b3a5-6b673a789468,Schauinslandbahn (Freiburg),Schauinsland – רכבל + שביל ירידה,nature,"הרכבל הארוך בגרמניה (3.6 ק""מ) אל הר השאואינסלנד מעל פרייבורג – מגדל תצפית 360°, מסלולי ירידה ברגל, מכרה עתיק ומסעדה בפסגה.","Bohrerstraße 11, 79289 Horben, Germany",47.9360429,7.8653288,4.7,1513,כל יום: 9:00–17:00 (קיץ עד 18:00),"~16€ הלוך-חזור, ~12€ עלייה בלבד",2–4 שעות,https://www.schauinslandbahn.de,https://www.google.com/maps/place/?q=place_id:ChIJ4TrpOkoDkUcR9cQ-bIvm9RU,ChIJ4TrpOkoDkUcR9cQ-bIvm9RU,
700ea52e-51f8-43d6-99ec-5eaca7e3547c,b389876f-9a01-4dda-b3a5-6b673a789468,Wutachschlucht (Wutach Gorge),גיא Wutachschlucht – הגרנד קניון של גרמניה,nature,"'הגרנד קניון של גרמניה' – שמורת ערוץ פראית עם מצוקים, מפלים וגשרים. מסלול קלאסי: Schattenmühle–Wutachmühle (~13 ק""מ). נעלי הליכה חובה.","Schattenmühle 1, 79843 Löffingen, Germany",47.8425945,8.3211935,4.7,5024,פתוח 24/7 (מומלץ אפריל–נובמבר),חינם,3–6 שעות (מסלולים בקטעים),https://www.wutachschlucht.de,https://www.google.com/maps/place/?q=place_id:ChIJKQxyv4CMkEcRdEWilhsMSoc,ChIJKQxyv4CMkEcRdEWilhsMSoc,
175dc0c0-d239-469f-ae3c-0f7d8a74e4c1,b389876f-9a01-4dda-b3a5-6b673a789468,Dachau Concentration Camp Memorial Site,KZ Dachau – אנדרטה ומוזיאון,culture,"אתר ההנצחה במחנה הריכוז דכאו – הראשון שהוקם ב-1933. מוזיאון מקיף, צריפים משוחזרים ואנדרטאות. ביקור מטלטל וחשוב; מומלץ סיור מודרך באנגלית.","Pater-Roth-Straße 2A, 85221 Dachau, Germany",48.2679303,11.4687875,4.7,18331,כל יום: 9:00–17:00,"כניסה חינם (אודיו-גייד ~4.5€, סיור מודרך ~4€)",3–5 שעות,https://www.kz-gedenkstaette-dachau.de,https://www.google.com/maps/place/?q=place_id:ChIJqQA5yIp6nkcRBqS5F0ROeRY,ChIJqQA5yIp6nkcRBqS5F0ROeRY,
9c2fa573-859a-44af-b11f-d232684b8308,b389876f-9a01-4dda-b3a5-6b673a789468,Olympiaturm (Olympic Tower),Olympiaturm – מגדל תצפית 291 מ',culture,"מגדל התצפית של מינכן (291 מ') בפארק האולימפי – מרפסת תצפית ב-190 מ' עם נוף לעיר ולאלפים בימים בהירים, ומסעדה מסתובבת.","Spiridon-Louis-Ring 7, 80809 München, Germany",48.1743578,11.5537484,4.7,10355,כל יום: ~9:00–23:00 (בדקו באתר – שיפוצים אפשריים),~13€ מבוגר,~1 שעה,https://www.olympiapark.de,https://www.google.com/maps/place/?q=place_id:ChIJU-Q6JoF2nkcRdQApBoHVU8s,ChIJU-Q6JoF2nkcRdQApBoHVU8s,
71a14fad-42fb-43b1-a91c-27f1b24a985c,b389876f-9a01-4dda-b3a5-6b673a789468,Ratskeller München,Ratskeller מינכן – מרתף העיריה,restaurant,"מסעדה בווארית במרתפים המקומרים של בניין העירייה החדש במרינפלאץ – ברכיית חזיר, שניצל וגולש באווירה היסטורית. גדולה ונוחה לקבוצות.","Marienplatz 8, 80331 München, Germany",48.137397,11.5760462,4.4,10255,כל יום: ~11:00–23:00,€€ (~15–28€ למנה),1.5–2 שעות,https://www.ratskeller.com,https://www.google.com/maps/place/?q=place_id:ChIJj-sb1op1nkcRSsLJeqIkhOo,ChIJj-sb1op1nkcRSsLJeqIkhOo,
f37199e9-9ddb-4bd6-bc33-b80e29d36553,b389876f-9a01-4dda-b3a5-6b673a789468,Schleißheim Palace Complex,Schloss Schleissheim – ורסאי של מינכן,culture,"'ורסאי של מינכן' – מתחם שלושה ארמונות בארוק (חדש, ישן ולוסטהיים) עם גני בארוק ומזרקות מהמשומרים בגרמניה. מעט מבקרים – פנינה נסתרת.","Max-Emanuel-Platz 1, 85764 Oberschleißheim, Germany",48.2502,11.56097,4.7,5477,ג'-א': 9:00–18:00 (חורף עד 16:00) | ב': סגור,~10€ כרטיס משולב לשלושת הארמונות; גנים חינם,2–4 שעות,https://www.schloesser-schleissheim.de,https://www.google.com/maps/place/?q=place_id:ChIJQW02rnJxnkcRolMYSuV4Ly8,ChIJQW02rnJxnkcRolMYSuV4Ly8,
6e886d34-e7a5-4269-9b89-9c9a8eb192ff,b389876f-9a01-4dda-b3a5-6b673a789468,Brenner Grill,Brenner Grill – איטלקי פרימיום,restaurant,"גריל-בר איטלקי-ים-תיכוני אופנתי ברחוב היוקרה מקסימיליאנשטראסה – פסטות, בשרים מהגריל הפתוח ואווירה תוססת תחת קשתות אורווה מלכותית לשעבר.","Maximilianstraße 15, 80539 München, Germany",48.1393599,11.581047,4.2,5964,ב'-ה': 8:30–24:00 | ו'-שבת: 8:30–1:00 | א': 12:00–21:00,€€€ (~25–50€ למנה עיקרית),1.5–2.5 שעות,https://www.brennergrill.de,https://www.google.com/maps/place/?q=place_id:ChIJKxwhCIx1nkcReLTa4aab6-I,ChIJKxwhCIx1nkcReLTa4aab6-I,
f1b2f20b-1b24-4930-ac25-3546ef78e388,b389876f-9a01-4dda-b3a5-6b673a789468,Restaurant Schwarzwaldstube (Traube Tonbach),Schwarzwaldstube – 3 כוכבי מישלן,restaurant,מסעדת 3 כוכבי מישלן אגדית במלון טראובה טונבך בבאיירסברון – מטבח צרפתי-עילי ברמה עולמית בלב היער השחור. הזמנה חודשים מראש.,"Tonbachstraße 237, 72270 Baiersbronn, Germany",48.5370129,8.3581304,4.8,205,"ד'-ו': 19:00–22:00 | שבת-א': 12:00–14:00, 19:00–22:00 | ב'-ג': סגור",€€€€ (תפריט טעימות ~250–350€ לאדם),3–4 שעות,https://www.traube-tonbach.de,https://www.google.com/maps/place/?q=place_id:ChIJidkYT_0wl0cRwM1SNn5mWLI,ChIJidkYT_0wl0cRwM1SNn5mWLI,
8777f267-8fa9-4fff-a6ad-63e0c7333c41,b389876f-9a01-4dda-b3a5-6b673a789468,Winstub au Cygne (Colmar),Winstub אלזסי – ארוחה מסורתית בצרפת,restaurant,"וינשטוב (טברנת יין) אלזסית אותנטית בקולמאר, מחוץ למלכודות התיירים – שוקרוט, טארט פלמבה ומטבח מקומי מסורתי באווירה חמימה.","15 Rue Edouard Richard, 68000 Colmar, France",48.0800997,7.3506344,4.5,629,"ב': 12:00–14:00 | ג'-ו': 12:00–14:00, 19:00–23:00 | שבת: 19:00–23:00 | א': סגור",€€ (~18–30€ למנה),1.5–2 שעות,,https://www.google.com/maps/place/?q=place_id:ChIJ0S1UlzZlkUcRayjNSs1Grxs,ChIJ0S1UlzZlkUcRayjNSs1Grxs,"שובץ כנציג ל'וינשטוב אלזסי' – אפשרויות נוספות: Winstub Factory, Maison des Têtes."
e65afda5-2789-4596-b6b6-7648e0d3ad8a,b389876f-9a01-4dda-b3a5-6b673a789468,Brauereigasthof Rothaus,Brauereigasthof Rothaus – בירת היער,restaurant,מסעדת המבשלה של רוטהאוס – מטבח באדני כפרי לצד בירת טאנצפלה טרייה מהמקור. משתלב מצוין עם ביקור במרכז המבקרים של המבשלה.,"Rothaus 2, 79865 Grafenhausen, Germany",47.7953014,8.2445334,4.4,4495,כל יום: 12:00–20:00,€€ (~14–26€ למנה),1.5–2 שעות,https://www.brauereigasthof-rothaus.de,https://www.google.com/maps/place/?q=place_id:ChIJXbD7am_1kEcRaAin_kwbjBc,ChIJXbD7am_1kEcRaAin_kwbjBc,
470711ea-5f92-4fa0-b6fc-660806949b6e,b389876f-9a01-4dda-b3a5-6b673a789468,FC Bayern Museum,FC Bayern Museum,culture,"מוזיאון המועדון הגדול בגרמניה באליאנץ ארנה – גביעים, היסטוריה ותצוגות אינטראקטיביות של באיירן מינכן. כדאי לשלב עם סיור האצטדיון.","Franz-Beckenbauer-Platz 5, 80939 München, Germany",48.2198291,11.6250496,4.7,9839,כל יום: 10:00–18:00 (מצומצם בימי משחק),מוזיאון ~12€; משולב עם סיור אצטדיון ~25€,1–1.5 שעות,https://fcbayern.com/museum,https://www.google.com/maps/place/?q=place_id:ChIJKYyvHoVznkcRDFz1y8Va38o,ChIJKYyvHoVznkcRDFz1y8Va38o,
0dcc86db-034c-4f0a-a436-3a910b5d8843,b389876f-9a01-4dda-b3a5-6b673a789468,Traumatica – Festival of Fear (Europa-Park),Traumatica Halloween – Europa Park,special,"פסטיבל האימה של יורופה-פארק לעונת ליל כל הקדושים – בתי רדופים, שחקני אימה משוטטים, מופעים ופודטראקים. לא מומלץ מתחת לגיל 16; לתאם עם תאריכי הטיול.","Europa-Park-Straße 2, 77977 Rust, Germany",48.2674876,7.7182009,3.5,1332,"עונתי: סופי שבוע בערב, סוף ספטמבר–תחילת נובמבר (~19:00–24:00)",~30–45€ (VIP יקר יותר),3–5 שעות,https://www.traumatica.com,https://www.google.com/maps/place/?q=place_id:ChIJ679vlIY5kUcRpPPIJj7Ek24,ChIJ679vlIY5kUcRpPPIJj7Ek24,
0ca0f2e3-d49a-49f8-93f4-52eb9a49cb72,b389876f-9a01-4dda-b3a5-6b673a789468,Freiburg im Breisgau (Old Town + Münster),Freiburg im Breisgau,travel,"בירת היער השחוראה – עיר עתיקה קסומה עם קתדרלה גותית, תעלות ה-Bächle הזורמות ברחובות, שוק איכרים במינסטרפלאץ ואווירת סטודנטים תוססת.","Münsterplatz, 79098 Freiburg im Breisgau, Germany",47.9955824,7.8527895,4.7,20407,"עיר: תמיד | קתדרלה: ~10:00–17:00 (א' אחה""צ)",חינם (עליית מגדל הקתדרלה ~5€),חצי יום,https://visit.freiburg.de,https://www.google.com/maps/place/?q=place_id:ChIJ80Y_mpkckUcRR7Rqqut2Sx4,ChIJ80Y_mpkckUcRR7Rqqut2Sx4,
7caecd2d-7117-4a5c-9bb3-17ecd6b4a121,b389876f-9a01-4dda-b3a5-6b673a789468,Triberger Wasserfälle + Cuckoo Clocks,מפלי Triberg + שעון קוקייה,nature,"מהמפלים הגבוהים בגרמניה (163 מ' ב-7 מדרגות) בלב עיירת שעוני הקוקייה טריברג – שבילים מסודרים, סנאים, וחנויות שעונים ועוגת יער שחור בעיירה.","Wallfahrtstraße 1, 78098 Triberg, Germany",48.1283833,8.2301744,4.3,25280,כל יום: 9:00–22:00 (מואר בערב),~9€ מבוגר (מפלים); שעון הקוקייה הגדול בעולם ~6€,2–3 שעות,https://www.triberg.de,https://www.google.com/maps/place/?q=place_id:ChIJSVxD8fXCkEcR8I7_A3sZzA4,ChIJSVxD8fXCkEcR8I7_A3sZzA4,
1348ce69-a4b5-405a-a232-59a45ac6ba50,b389876f-9a01-4dda-b3a5-6b673a789468,Lindau (Island & Harbor),Lindau – אי על הבודנזה,travel,"אי היסטורי ציורי על אגם בודנזה – נמל עם פסל האריה הבווארי והמגדלור, סמטאות ימי-ביניים וטיילת עם נוף לאלפים. נקודת עצירה מושלמת בדרך דרומה.","Hafenplatz, 88131 Lindau, Germany",47.543781,9.682266,4.7,309,תמיד (שיט: בשעות היום),"חינם (עליית המגדלור ~2.5€, שיט ~15–37€)",חצי יום,https://www.lindau.de,https://www.google.com/maps/place/?q=place_id:ChIJbW_RydcNm0cRxIfrHaJghms,ChIJbW_RydcNm0cRxIfrHaJghms,
86e7fc15-6d8a-484f-ac45-c26f81f9a945,b389876f-9a01-4dda-b3a5-6b673a789468,Neuschwanstein Castle,טירת Neuschwanstein,travel,"טירת האגדות של לודוויג השני – ההשראה לטירת דיסני, על צוק מעל אגמים ואלפים. חובה: כרטיסים אונליין מראש ותצפית מגשר מריה (Marienbrücke).","Neuschwansteinstraße 20, 87645 Schwangau, Germany",47.557574,10.7498004,4.6,113709,כל יום: 9:00–18:00 (חורף: 10:00–16:00),~21€ מבוגר (סיור מודרך בלבד) – להזמין מראש!,3–5 שעות,https://www.neuschwanstein.de,https://www.google.com/maps/place/?q=place_id:ChIJXaNOxMr3nEcRo7ud02uGpsg,ChIJXaNOxMr3nEcRo7ud02uGpsg,
0594c256-913a-4345-a55c-f9c12f7c81f0,b389876f-9a01-4dda-b3a5-6b673a789468,Marienplatz + Glockenspiel,Marienplatz + Glockenspiel,culture,"הכיכר המרכזית של מינכן – בניין העירייה הנאו-גותי עם מופע בובות הגלוקנשפיל המפורסם. נקודת הפתיחה לעיר העתיקה, לשוק ולקניות.","Marienplatz, 80331 München, Germany",48.1373932,11.5754485,4.7,151672,"תמיד | גלוקנשפיל: 11:00, 12:00 (וגם 17:00 מרץ–אוקטובר)",חינם (עליית מגדל העירייה ~6€),1–2 שעות,https://www.muenchen.de,https://www.google.com/maps/place/?q=place_id:ChIJLWM3jSROqEcRswsOX7NRrd4,ChIJLWM3jSROqEcRswsOX7NRrd4,
c9dc13c4-6689-4a86-8add-4d1fb22b989b,b389876f-9a01-4dda-b3a5-6b673a789468,Deutsches Museum,Deutsches Museum,culture,"מוזיאון המדע והטכנולוגיה הגדול בעולם על אי במרכז מינכן – תעופה, חלל, פיזיקה, כרייה ותצוגות אינטראקטיביות. מעולה גם לילדים; לקנות כרטיס אונליין.","Museumsinsel 1, 80538 München, Germany",48.1298707,11.5834522,4.5,43027,כל יום: 9:00–17:00,"~15€ מבוגר, ~8€ מוזל",3–5 שעות,https://www.deutsches-museum.de,https://www.google.com/maps/place/?q=place_id:ChIJ01CaE2PfnUcRUpb8Ylg-UXo,ChIJ01CaE2PfnUcRUpb8Ylg-UXo,
2707e93a-58ac-4655-9842-2039d02b2a4b,b389876f-9a01-4dda-b3a5-6b673a789468,Hofbräuhaus München,Hofbräuhaus,restaurant,"בית הבירה המפורסם בעולם (1589) – אולמות ענק, תזמורת אומפה חיה, ברכיות חזיר ומאס של HB. תיירותי אך חוויה שחייבים פעם אחת.","Platzl 9, 80331 München, Germany",48.1376373,11.5797494,4.3,107775,כל יום: 11:00–24:00,"€€ (מאס בירה ~10€, מנות ~15–25€)",1.5–3 שעות,https://www.hofbraeuhaus.de,https://www.google.com/maps/place/?q=place_id:ChIJxfxSz4t1nkcRLxq9ze1wwak,ChIJxfxSz4t1nkcRLxq9ze1wwak,
63cc8c1d-3db0-4c33-bda8-b643f4c24b50,b389876f-9a01-4dda-b3a5-6b673a789468,"Rhine Falls (Rheinfall, Schaffhausen)",Rhine Falls – Schaffhausen,travel,המפל הגדול באירופה – 23 מ' גובה ו-150 מ' רוחב של עוצמה שוויצרית. שיט לסלע שבמרכז המפל מומלץ מאוד. חצי שעה מגבול גרמניה.,"8212 Neuhausen am Rheinfall, Switzerland",47.6780897,8.6154486,4.8,85272,האתר פתוח תמיד; מרפסות/שיט: ~9:00–18:00,"מרפסות תצפית ~5CHF, שיט לסלע ~20CHF (חניה בתשלום)",2–3 שעות,https://rheinfall.ch,https://www.google.com/maps/place/?q=place_id:ChIJ1cnDekx_kEcRJ4mRcPw4XXo,ChIJ1cnDekx_kEcRJ4mRcPw4XXo,
3f73728e-fc16-474b-ad8a-20b501a0904f,b389876f-9a01-4dda-b3a5-6b673a789468,Allianz Arena (Tour),Allianz Arena Tour,culture,"אצטדיון באיירן מינכן האיקוני עם המעטפת המוארת – סיור מודרך לחדרי ההלבשה, מנהרת השחקנים והיציעים. לשלב עם מוזיאון FC Bayern באותו כרטיס.","Franz-Beckenbauer-Platz 5, 80939 München, Germany",48.2187955,11.6246888,4.6,87494,סיורים: 10:00–18:00 (אין בימי משחק),סיור + מוזיאון ~25€,2–3 שעות,https://allianz-arena.com,https://www.google.com/maps/place/?q=place_id:ChIJHyWKEoVznkcRI8QyjkJgTe0,ChIJHyWKEoVznkcRI8QyjkJgTe0,
a6479e88-8718-41a0-b91b-dc943ac73432,b389876f-9a01-4dda-b3a5-6b673a789468,Domaine Dopff au Moulin (Riquewihr),Wine tasting – יקבי אלזס,special,"יקב משפחתי מ-1574 בכפר הציורי ריקוויר שבאלזס – טעימות ריזלינג, גוורצטרמינר וקרמאן ד'אלזס עם סיור מרתפים. חוויית יין אלזסית קלאסית.","2 Av. Jacques Preiss, 68340 Riquewihr, France",48.166095,7.3036253,4.8,1146,כל יום: 10:00–19:00,טעימות ~10–25€ (סיור מרתפים בתוספת),1–2 שעות,https://www.dopff-au-moulin.fr,https://www.google.com/maps/place/?q=place_id:ChIJKW18uqpgkUcRMYbMlEZZMn4,ChIJKW18uqpgkUcRMYbMlEZZMn4,"שובץ כנציג ל'Wine tasting – יקבי אלזס'. חלופות: Hugel (ריקוויר), Trimbach (ריבוביל)."
a0bd1271-8125-40c0-a21c-4ea349340d0f,44d0159a-43b9-47b9-9f06-bd4ed816fbc4,Verona Villafranca Airport (Valerio Catullo),Valerio Catullo Airport,other,"נמל התעופה של ורונה (VRN) – שדה קטן ונוח, כ-20 דקות נסיעה מאגם גארדה ומוורונה. אוטובוס Airlink 199 לתחנת הרכבת של ורונה.","37066 Caselle VR, Italy",45.3971124,10.885772,3.4,7457,24/7,—,—,https://www.aeroportoverona.it,https://www.google.com/maps/place/?q=place_id:ChIJS128ZD9ff0cRLHwiGO7DTDs,ChIJS128ZD9ff0cRLHwiGO7DTDs,
5d21354b-c808-4b9e-9438-06543294acba,44d0159a-43b9-47b9-9f06-bd4ed816fbc4,Gardaland Resort,גארדלנד,activity,"פארק השעשועים הגדול באיטליה על שפת אגם גארדה – רכבות הרים, אזור פפה פיג לילדים, לגולנד ומופעים. להוריד אפליקציה לניהול תורים.","Via Derna 4, 37014 Castelnuovo del Garda, Italy",45.4562903,10.7133011,4.4,127789,כל יום: 10:00–23:00 (עונת קיץ; משתנה),~40–60€ (זול יותר אונליין מראש),יום שלם,https://www.gardaland.it,https://www.google.com/maps/place/?q=place_id:ChIJDxeqbWvpgUcR7RAuKLmnUb8,ChIJDxeqbWvpgUcR7RAuKLmnUb8,
aabfc5e7-6eea-4726-9aa9-db9a60449f2f,44d0159a-43b9-47b9-9f06-bd4ed816fbc4,Hotel Parchi del Garda,Hotel Parchi del Garda,hotel,"מלון 4 כוכבים גדול ומודרני בלאציזה, 5 דקות נסיעה מגארדלנד – בריכה, חניה חינם והסעות לפארק. בסיס נוח לאזור אגם גארדה.","Via Brusà 16, 37017 Lazise, Italy",45.4619654,10.7195691,4.3,3530,קבלה 24/7,~100–180€ ללילה לחדר,לינה,https://www.hotelparchidelgarda.it,https://www.google.com/maps/place/?q=place_id:ChIJJ8FFW0fpgUcR8PODIY4Cgv8,ChIJJ8FFW0fpgUcR8PODIY4Cgv8,
